approx_bits,carry_truncation,correction_depth,predicted_error_rate,predicted_cell_count,design_key,error_rate,MED,NMED,max_error,synth_cell_count_actual,core_area_um2,critical_path_ns,total_power_uW,route_violations,short_violations,magic_violations,lvs_errors,physical_validation,clean_drc_lvs,design
4,0,4,0.07,110.32,4_0_4,0.0,0.0,0.0,0,93.0,1961.8816,7.55,0.000131800697,0.0,0.0,0.0,0.0,True,True,k4_t0_c4
4,4,4,0.0837099999999999,109.08,4_4_4,0.0,0.0,0.0,0,93.0,1961.8816,7.55,0.000131800697,0.0,0.0,0.0,0.0,True,True,k4_t4_c4
2,2,2,0.153125,108.39,2_2_2,0.0,0.0,0.0,0,93.0,1961.8816,7.55,0.000131800697,0.0,0.0,0.0,0.0,True,True,k2_t2_c2
0,0,0,0.175,108.06,0_0_0,0.0,0.0,0.0,0,93.0,1961.8816,7.55,0.000131800697,0.0,0.0,0.0,0.0,True,True,k0_t0_c0
2,0,0,0.48375,101.18,2_0_0,0.5,1.0,1.5259021896696422e-05,2,85.0,1764.1919999999998,3.09,6.9300601e-05,0.0,0.0,0.0,0.0,True,True,k2_t0_c0
2,2,0,0.67375,96.71,2_2_0,0.75,2.0,3.0518043793392844e-05,4,80.0,1707.888,3.0,6.4700572e-05,0.0,0.0,0.0,0.0,True,True,k2_t2_c0
4,0,0,0.8662449999999999,89.525,4_0_0,0.875,3.0,4.577706569008927e-05,8,75.0,1670.352,2.81,6.1800566e-05,0.0,0.0,0.0,0.0,True,True,k4_t0_c0
4,2,0,0.873745,89.2,4_2_0,0.875,3.0,4.577706569008927e-05,8,75.0,1670.352,2.81,6.1800566e-05,0.0,0.0,0.0,0.0,True,True,k4_t2_c0
4,4,0,0.928925000000002,84.465,4_4_0,0.937,3.992,6.091401541161212e-05,16,70.0,1523.9616,2.7300000000000004,5.870054e-05,0.0,0.0,0.0,0.0,True,True,k4_t4_c0
6,4,0,0.967999999999998,77.03,6_4_0,0.968,4.984,7.605096513313497e-05,32,65.0,1471.4112,2.46,5.5700492e-05,0.0,0.0,0.0,0.0,True,True,k6_t4_c0
6,6,0,0.9837600000000016,71.905,6_6_0,0.984,6.008,9.16762035553521e-05,64,60.0,1333.7792,2.28,5.3600481e-05,0.0,0.0,0.0,0.0,True,True,k6_t6_c0
8,6,0,0.9919999999999976,64.885,8_6_0,0.992,7.032,0.0001073014419775,128,55.0,1284.9824,2.08,5.0500463e-05,0.0,0.0,0.0,0.0,True,True,k8_t6_c0
8,8,0,0.995960000000002,60.145,8_8_0,0.996,71.544,0.0010916914625772,258,50.0,1252.4512,1.88,4.7000468e-05,0.0,0.0,0.0,0.0,True,True,k8_t8_c0
