design_key,in_exhaustive,in_nsga2,exhaustive_error_rate,exhaustive_cell_count,nsga2_error_rate,nsga2_cell_count
0_0_0,True,True,0.175,108.06,0.175,108.06
2_0_0,True,True,0.48375,101.18,0.48375,101.18
2_2_0,True,True,0.67375,96.71,0.67375,96.71
2_2_2,True,True,0.153125,108.39,0.153125,108.39
4_0_0,True,True,0.8662449999999999,89.525,0.8662449999999999,89.525
4_0_4,True,True,0.07,110.32,0.07,110.32
4_2_0,True,True,0.8737450000000001,89.2,0.873745,89.2
4_4_0,True,True,0.9289250000000022,84.465,0.928925000000002,84.465
4_4_4,True,True,0.0837099999999999,109.08,0.0837099999999999,109.08
6_4_0,True,True,0.967999999999998,77.03,0.967999999999998,77.03
6_6_0,True,True,0.9837600000000016,71.905,0.9837600000000016,71.905
8_6_0,True,True,0.9919999999999976,64.885,0.9919999999999976,64.885
8_8_0,True,True,0.995960000000002,60.145,0.995960000000002,60.145
