width,approx_bits,carry_truncation,correction_depth,num_vectors,error_count,error_rate,total_error,MED,NMED,max_error
16,0,0,0,1000,0,0.0,0,0.0,0.0,0
16,2,0,0,1000,500,0.5,1000,1.0,1.5259021896696422e-05,2
16,2,0,1,1000,500,0.5,1000,1.0,1.5259021896696422e-05,2
16,2,0,2,1000,0,0.0,0,0.0,0.0,0
16,2,2,0,1000,750,0.75,2000,2.0,3.0518043793392844e-05,4
16,2,2,1,1000,750,0.75,2000,2.0,3.0518043793392844e-05,4
16,2,2,2,1000,0,0.0,0,0.0,0.0,0
16,4,0,0,1000,875,0.875,3000,3.0,4.5777065690089265e-05,8
16,4,0,1,1000,875,0.875,3000,3.0,4.5777065690089265e-05,8
16,4,0,2,1000,875,0.875,4000,4.0,6.103608758678569e-05,8
16,4,0,4,1000,0,0.0,0,0.0,0.0,0
16,4,2,0,1000,875,0.875,3000,3.0,4.5777065690089265e-05,8
16,4,2,1,1000,875,0.875,3000,3.0,4.5777065690089265e-05,8
16,4,2,2,1000,875,0.875,4000,4.0,6.103608758678569e-05,8
16,4,2,4,1000,0,0.0,0,0.0,0.0,0
16,4,4,0,1000,937,0.937,3992,3.992,6.091401541161212e-05,16
16,4,4,1,1000,937,0.937,3992,3.992,6.091401541161212e-05,16
16,4,4,2,1000,937,0.937,4992,4.992,7.617303730830853e-05,16
16,4,4,4,1000,0,0.0,0,0.0,0.0,0
16,6,0,0,1000,968,0.968,4984,4.984,7.605096513313497e-05,32
16,6,0,1,1000,968,0.968,4984,4.984,7.605096513313497e-05,32
16,6,0,2,1000,968,0.968,5984,5.984,9.130998702983139e-05,32
16,6,0,4,1000,968,0.968,15984,15.984,0.0002439002059967956,32
16,6,2,0,1000,968,0.968,4984,4.984,7.605096513313497e-05,32
16,6,2,1,1000,968,0.968,4984,4.984,7.605096513313497e-05,32
16,6,2,2,1000,968,0.968,5984,5.984,9.130998702983139e-05,32
16,6,2,4,1000,968,0.968,15984,15.984,0.0002439002059967956,32
16,6,4,0,1000,968,0.968,4984,4.984,7.605096513313497e-05,32
16,6,4,1,1000,968,0.968,4984,4.984,7.605096513313497e-05,32
16,6,4,2,1000,968,0.968,5984,5.984,9.130998702983139e-05,32
16,6,4,4,1000,968,0.968,15984,15.984,0.0002439002059967956,32
16,6,6,0,1000,984,0.984,6008,6.008,9.16762035553521e-05,64
16,6,6,1,1000,984,0.984,6008,6.008,9.16762035553521e-05,64
16,6,6,2,1000,984,0.984,7008,7.008,0.00010693522545204853,64
16,6,6,4,1000,984,0.984,17008,17.008,0.00025952544441901275,64
16,8,0,0,1000,992,0.992,7032,7.032,0.00010730144197756924,128
16,8,0,1,1000,992,0.992,7032,7.032,0.00010730144197756924,128
16,8,0,2,1000,992,0.992,8032,8.032,0.00012256046387426565,128
16,8,0,4,1000,992,0.992,18032,18.032,0.0002751506828412299,128
16,8,2,0,1000,992,0.992,7032,7.032,0.00010730144197756924,128
16,8,2,1,1000,992,0.992,7032,7.032,0.00010730144197756924,128
16,8,2,2,1000,992,0.992,8032,8.032,0.00012256046387426565,128
16,8,2,4,1000,992,0.992,18032,18.032,0.0002751506828412299,128
16,8,4,0,1000,992,0.992,7032,7.032,0.00010730144197756924,128
16,8,4,1,1000,992,0.992,7032,7.032,0.00010730144197756924,128
16,8,4,2,1000,992,0.992,8032,8.032,0.00012256046387426565,128
16,8,4,4,1000,992,0.992,18032,18.032,0.0002751506828412299,128
16,8,6,0,1000,992,0.992,7032,7.032,0.00010730144197756924,128
16,8,6,1,1000,992,0.992,7032,7.032,0.00010730144197756924,128
16,8,6,2,1000,992,0.992,8032,8.032,0.00012256046387426565,128
16,8,6,4,1000,992,0.992,18032,18.032,0.0002751506828412299,128
16,8,8,0,1000,996,0.996,71544,71.544,0.0010916914625772487,258
16,8,8,1,1000,996,0.996,71544,71.544,0.0010916914625772487,258
16,8,8,2,1000,996,0.996,72544,72.544,0.0011069504844739451,260
16,8,8,4,1000,996,0.996,82544,82.544,0.0012595407034409094,272
