width,approx_bits,carry_truncation,correction_depth,error_rate,MED,NMED,max_error,cell_count
16,0,0,0,0.0,0.0,0.0,0,112
16,2,0,0,0.5,1.0,1.5259021896696422e-05,2,101
16,2,0,1,0.5,1.0,1.5259021896696422e-05,2,102
16,2,0,2,0.0,0.0,0.0,0,112
16,2,2,0,0.75,2.0,3.0518043793392844e-05,4,95
16,2,2,1,0.75,2.0,3.0518043793392844e-05,4,96
16,2,2,2,0.0,0.0,0.0,0,112
16,4,0,0,0.875,3.0,4.577706569008927e-05,8,89
16,4,0,1,0.875,3.0,4.577706569008927e-05,8,90
16,4,0,2,0.875,4.0,6.103608758678569e-05,8,96
16,4,0,4,0.0,0.0,0.0,0,112
16,4,2,0,0.875,3.0,4.577706569008927e-05,8,89
16,4,2,1,0.875,3.0,4.577706569008927e-05,8,90
16,4,2,2,0.875,4.0,6.103608758678569e-05,8,96
16,4,2,4,0.0,0.0,0.0,0,112
16,4,4,0,0.937,3.992,6.091401541161212e-05,16,83
16,4,4,1,0.937,3.992,6.091401541161212e-05,16,84
16,4,4,2,0.937,4.992,7.617303730830853e-05,16,90
16,4,4,4,0.0,0.0,0.0,0,112
16,6,0,0,0.968,4.984,7.605096513313497e-05,32,77
16,6,0,1,0.968,4.984,7.605096513313497e-05,32,78
16,6,0,2,0.968,5.984,9.13099870298314e-05,32,84
16,6,0,4,0.968,15.984,0.0002439002059967,32,96
16,6,2,0,0.968,4.984,7.605096513313497e-05,32,77
16,6,2,1,0.968,4.984,7.605096513313497e-05,32,78
16,6,2,2,0.968,5.984,9.13099870298314e-05,32,84
16,6,2,4,0.968,15.984,0.0002439002059967,32,96
16,6,4,0,0.968,4.984,7.605096513313497e-05,32,77
16,6,4,1,0.968,4.984,7.605096513313497e-05,32,78
16,6,4,2,0.968,5.984,9.13099870298314e-05,32,84
16,6,4,4,0.968,15.984,0.0002439002059967,32,96
16,6,6,0,0.984,6.008,9.16762035553521e-05,64,71
16,6,6,1,0.984,6.008,9.16762035553521e-05,64,72
16,6,6,2,0.984,7.008,0.000106935225452,64,78
16,6,6,4,0.984,17.008,0.000259525444419,64,90
16,8,0,0,0.992,7.032,0.0001073014419775,128,65
16,8,0,1,0.992,7.032,0.0001073014419775,128,66
16,8,0,2,0.992,8.032,0.0001225604638742,128,72
16,8,0,4,0.992,18.032,0.0002751506828412,128,84
16,8,2,0,0.992,7.032,0.0001073014419775,128,65
16,8,2,1,0.992,7.032,0.0001073014419775,128,66
16,8,2,2,0.992,8.032,0.0001225604638742,128,72
16,8,2,4,0.992,18.032,0.0002751506828412,128,84
16,8,4,0,0.992,7.032,0.0001073014419775,128,65
16,8,4,1,0.992,7.032,0.0001073014419775,128,66
16,8,4,2,0.992,8.032,0.0001225604638742,128,72
16,8,4,4,0.992,18.032,0.0002751506828412,128,84
16,8,6,0,0.992,7.032,0.0001073014419775,128,65
16,8,6,1,0.992,7.032,0.0001073014419775,128,66
16,8,6,2,0.992,8.032,0.0001225604638742,128,72
16,8,6,4,0.992,18.032,0.0002751506828412,128,84
16,8,8,0,0.996,71.544,0.0010916914625772,258,59
16,8,8,1,0.996,71.544,0.0010916914625772,258,60
16,8,8,2,0.996,72.544,0.0011069504844739,260,66
16,8,8,4,0.996,82.544,0.0012595407034409,272,78
