width,approx_bits,carry_truncation,correction_depth,cell_count
16,0,0,0,112
16,2,0,0,101
16,2,0,1,102
16,2,0,2,112
16,2,2,0,95
16,2,2,1,96
16,2,2,2,112
16,4,0,0,89
16,4,0,1,90
16,4,0,2,96
16,4,0,4,112
16,4,2,0,89
16,4,2,1,90
16,4,2,2,96
16,4,2,4,112
16,4,4,0,83
16,4,4,1,84
16,4,4,2,90
16,4,4,4,112
16,6,0,0,77
16,6,0,1,78
16,6,0,2,84
16,6,0,4,96
16,6,2,0,77
16,6,2,1,78
16,6,2,2,84
16,6,2,4,96
16,6,4,0,77
16,6,4,1,78
16,6,4,2,84
16,6,4,4,96
16,6,6,0,71
16,6,6,1,72
16,6,6,2,78
16,6,6,4,90
16,8,0,0,65
16,8,0,1,66
16,8,0,2,72
16,8,0,4,84
16,8,2,0,65
16,8,2,1,66
16,8,2,2,72
16,8,2,4,84
16,8,4,0,65
16,8,4,1,66
16,8,4,2,72
16,8,4,4,84
16,8,6,0,65
16,8,6,1,66
16,8,6,2,72
16,8,6,4,84
16,8,8,0,59
16,8,8,1,60
16,8,8,2,66
16,8,8,4,78
