width,approx_bits,carry_truncation,correction_depth,num_vectors,error_count,error_rate,total_error,MED,NMED,max_error,design_name,flow_status,run_id,die_area_mm2,core_area_um2,open_dp_util_percent,synth_cell_count,total_cells,wire_length,vias,hpwl,wns_ns,tns_ns,critical_path_ns,clock_period_ns,clock_frequency_mhz,internal_power_uW,switching_power_uW,leakage_power_uW,total_power_uW,route_violations,short_violations,metspc_violations,offgrid_violations,minhole_violations,magic_violations,pin_antenna_violations,net_antenna_violations,lvs_errors,routing_layer1_pct,routing_layer2_pct,routing_layer3_pct,routing_layer4_pct,routing_layer5_pct,routing_layer6_pct,fp_core_util,pl_target_density,std_cell_library,synth_strategy,is_physical_pareto
16,0,0,0,1000,0,0.0,0,0.0,0.0,0,approx_adder_w16_k0_t0_c0,flow completed,RUN_2026.10.02_13.26.29,0.0037522905,1961.8816,44.98,93.0,336.0,2409.0,797.0,2003700.0,0.0,0.0,7.55,10.0,100.0,5.25e-05,7.93e-05,6.97e-10,0.000131800697,0.0,0.0,0.0,0.0,0.0,0.0,0.0,0.0,0.0,0.0,10.58,19.14,10.23,19.61,0.0,40.0,0.5,sky130_fd_sc_hd,AREA 0,True
16,2,0,0,1000,500,0.5,1000,1.0,1.5259021896696422e-05,2,approx_adder_w16_k2_t0_c0,flow completed,RUN_2026.10.02_13.38.47,0.003533569625,1764.1919999999998,46.25,85.0,318.0,2130.0,700.0,1919969.0,0.0,0.0,3.09,10.0,100.0,2.68e-05,4.25e-05,6.01e-10,6.9300601e-05,0.0,0.0,0.0,0.0,0.0,0.0,0.0,0.0,0.0,0.0,19.44,22.73,0.0,0.0,0.0,40.0,0.5,sky130_fd_sc_hd,AREA 0,True
16,2,2,0,1000,750,0.75,2000,2.0,3.0518043793392844e-05,4,approx_adder_w16_k2_t2_c0,flow completed,RUN_2026.10.02_13.39.23,0.0034122659999999,1707.888,45.68,80.0,313.0,2060.0,677.0,1830238.0,0.0,0.0,3.0,10.0,100.0,2.42e-05,4.05e-05,5.72e-10,6.4700572e-05,0.0,0.0,0.0,0.0,0.0,0.0,0.0,0.0,0.0,0.0,19.82,22.96,1.14,0.0,0.0,40.0,0.5,sky130_fd_sc_hd,AREA 0,True
16,2,2,2,1000,0,0.0,0,0.0,0.0,0,approx_adder_w16_k2_t2_c2,flow completed,RUN_2026.10.02_13.38.13,0.0037522905,1961.8816,44.98,93.0,336.0,2409.0,797.0,2003700.0,0.0,0.0,7.55,10.0,100.0,5.25e-05,7.93e-05,6.97e-10,0.000131800697,0.0,0.0,0.0,0.0,0.0,0.0,0.0,0.0,0.0,0.0,10.58,19.14,10.23,19.61,0.0,40.0,0.5,sky130_fd_sc_hd,AREA 0,True
16,4,0,0,1000,875,0.875,3000,3.0,4.577706569008927e-05,8,approx_adder_w16_k4_t0_c0,flow completed,RUN_2026.10.02_13.39.55,0.0032901824999999,1670.352,44.51,75.0,311.0,2037.0,685.0,1761435.0,0.0,0.0,2.81,10.0,100.0,2.3e-05,3.88e-05,5.66e-10,6.1800566e-05,0.0,0.0,0.0,0.0,0.0,0.0,0.0,0.0,0.0,0.0,20.52,23.53,0.0,0.0,0.0,40.0,0.5,sky130_fd_sc_hd,AREA 0,True
16,4,0,4,1000,0,0.0,0,0.0,0.0,0,approx_adder_w16_k4_t0_c4,flow completed,RUN_2026.10.02_13.36.00,0.0037522905,1961.8816,44.98,93.0,336.0,2409.0,797.0,2003700.0,0.0,0.0,7.55,10.0,100.0,5.25e-05,7.93e-05,6.97e-10,0.000131800697,0.0,0.0,0.0,0.0,0.0,0.0,0.0,0.0,0.0,0.0,10.58,19.14,10.23,19.61,0.0,40.0,0.5,sky130_fd_sc_hd,AREA 0,True
16,4,2,0,1000,875,0.875,3000,3.0,4.577706569008927e-05,8,approx_adder_w16_k4_t2_c0,flow completed,RUN_2026.10.02_13.40.30,0.0032901824999999,1670.352,44.51,75.0,311.0,2037.0,685.0,1761435.0,0.0,0.0,2.81,10.0,100.0,2.3e-05,3.88e-05,5.66e-10,6.1800566e-05,0.0,0.0,0.0,0.0,0.0,0.0,0.0,0.0,0.0,0.0,20.52,23.53,0.0,0.0,0.0,40.0,0.5,sky130_fd_sc_hd,AREA 0,True
16,4,4,0,1000,937,0.937,3992,3.992,6.091401541161212e-05,16,approx_adder_w16_k4_t4_c0,flow completed,RUN_2026.10.02_13.41.04,0.003167476625,1523.9616,46.06,70.0,278.0,1982.0,640.0,1773141.0,0.0,0.0,2.7300000000000004,10.0,100.0,2.17e-05,3.7e-05,5.4e-10,5.870054e-05,0.0,0.0,0.0,0.0,0.0,0.0,0.0,0.0,0.0,0.0,18.3,25.05,0.0,0.0,0.0,40.0,0.5,sky130_fd_sc_hd,AREA 0,True
16,4,4,4,1000,0,0.0,0,0.0,0.0,0,approx_adder_w16_k4_t4_c4,flow completed,RUN_2026.10.02_13.37.34,0.0037522905,1961.8816,44.98,93.0,336.0,2409.0,797.0,2003700.0,0.0,0.0,7.55,10.0,100.0,5.25e-05,7.93e-05,6.97e-10,0.000131800697,0.0,0.0,0.0,0.0,0.0,0.0,0.0,0.0,0.0,0.0,10.58,19.14,10.23,19.61,0.0,40.0,0.5,sky130_fd_sc_hd,AREA 0,True
16,6,4,0,1000,968,0.968,4984,4.984,7.605096513313497e-05,32,approx_adder_w16_k6_t4_c0,flow completed,RUN_2026.10.02_13.41.36,0.0030437552999999,1471.4112,45.26,65.0,263.0,1840.0,578.0,1686687.0,0.0,0.0,2.46,10.0,100.0,2.06e-05,3.51e-05,4.92e-10,5.5700492e-05,0.0,0.0,0.0,0.0,0.0,0.0,0.0,0.0,0.0,0.0,17.58,24.71,0.0,0.0,0.0,40.0,0.5,sky130_fd_sc_hd,AREA 0,True
16,6,6,0,1000,984,0.984,6008,6.008,9.16762035553521e-05,64,approx_adder_w16_k6_t6_c0,flow completed,RUN_2026.10.02_13.42.21,0.0029186745,1333.7792,47.17,60.0,248.0,1861.0,573.0,1646605.0,0.0,0.0,2.28,10.0,100.0,2e-05,3.36e-05,4.81e-10,5.3600481e-05,0.0,0.0,0.0,0.0,0.0,0.0,0.0,0.0,0.0,0.0,17.28,25.99,0.85,0.0,0.0,40.0,0.5,sky130_fd_sc_hd,AREA 0,True
16,8,6,0,1000,992,0.992,7032,7.032,0.0001073014419775,128,approx_adder_w16_k8_t6_c0,flow completed,RUN_2026.10.02_13.42.57,0.002792473625,1284.9824,46.15,55.0,238.0,1748.0,544.0,1577385.0,0.0,0.0,2.08,10.0,100.0,1.88e-05,3.17e-05,4.63e-10,5.0500463e-05,0.0,0.0,0.0,0.0,0.0,0.0,0.0,0.0,0.0,0.0,21.35,25.1,0.0,0.0,0.0,40.0,0.5,sky130_fd_sc_hd,AREA 0,True
16,8,8,0,1000,996,0.996,71544,71.544,0.0010916914625772,258,approx_adder_w16_k8_t8_c0,flow completed,RUN_2026.10.02_13.43.40,0.002665399425,1252.4512,44.38,50.0,233.0,1578.0,498.0,1565188.0,0.0,0.0,1.88,10.0,100.0,1.74e-05,2.96e-05,4.68e-10,4.7000468e-05,0.0,0.0,0.0,0.0,0.0,0.0,0.0,0.0,0.0,0.0,20.79,22.59,0.0,0.0,0.0,40.0,0.5,sky130_fd_sc_hd,AREA 0,True
